{"cameraMode":{"drawMode":0,"name":"Shaded","section":"Shading Mode"},"sceneLighting":true,"audioPlay":false,"sceneViewState":{"m_AlwaysRefresh":false,"showFog":true,"showSkybox":true,"showFlares":true,"showImageEffects":true,"showParticleSystems":true,"showVisualEffectGraphs":true,"m_FxEnabled":true},"in2DMode":false,"pivot":{"x":-2.159928321838379,"y":-0.9231305122375488,"z":103.73651885986328},"rotation":{"x":-0.061770230531692508,"y":0.0035898899659514429,"z":-0.00023285938368644565,"w":-0.9981013536453247},"size":13.281288146972657,"orthographic":false}